<?xml version="1.0" encoding="UTF-8"?>
<site>
   <description url="http://www.obeo.fr">
      Viewpoint
   </description>
   <feature url="features/org.obeonetwork.dsl.dart.feature_0.4.0.qualifier.jar" id="org.obeonetwork.dsl.dart.feature" version="0.4.0.qualifier">
      <category name="org.obeonetwork.dsl.dart.product"/>
   </feature>
   <category-def name="org.obeonetwork.dsl.dart.product" label="Dart Designer">
      <description>
         The Dart Designer Product
      </description>
   </category-def>
</site>
